Ab,q,L,M,r,mu,R,sR,nTest,nTrial
ACE2,20,201,134000,0.03,1e-06,1.0927404880523681,0.06265872532507975,1000,5
ACE2,20,201,134000,0.03,1e-05,1.0905346035957337,0.06207766901310347,1000,5
ACE2,20,201,134000,0.03,0.0001,1.0849854707717896,0.05766049410102512,1000,5
ACE2,20,201,134000,0.03,0.001,1.1890037298202514,0.04407648757839535,1000,5
ACE2,20,201,134000,0.03,0.01,1.8778352975845336,0.04857260251873542,1000,5
ACE2,20,201,134000,0.03,0.1,3.4367242813110352,0.06022644734390895,1000,5
ACE2,20,201,134000,0.03,1.0,3.9773112297058106,0.06427688824337231,1000,5
ACE2,20,201,88491,0.04542834864562498,1e-06,1.104987907409668,0.04329009510379419,1000,5
ACE2,20,201,88491,0.04542834864562498,1e-05,1.1020832777023315,0.042936311846786514,1000,5
ACE2,20,201,88491,0.04542834864562498,0.0001,1.0939109802246094,0.041460194964813984,1000,5
ACE2,20,201,88491,0.04542834864562498,0.001,1.201390790939331,0.04121205790439303,1000,5
ACE2,20,201,88491,0.04542834864562498,0.01,1.8706329822540284,0.008677819958616047,1000,5
ACE2,20,201,88491,0.04542834864562498,0.1,3.4274405002593995,0.03856638257060142,1000,5
ACE2,20,201,88491,0.04542834864562498,1.0,3.973355197906494,0.040040506272861716,1000,5
ACE2,20,201,58437,0.0687920324451974,1e-06,1.2065347909927369,0.08703159705990292,1000,5
ACE2,20,201,58437,0.0687920324451974,1e-05,1.1989266872406006,0.08645528980438057,1000,5
ACE2,20,201,58437,0.0687920324451974,0.0001,1.1668454647064208,0.08246324346764608,1000,5
ACE2,20,201,58437,0.0687920324451974,0.001,1.221161150932312,0.07676261715456822,1000,5
ACE2,20,201,58437,0.0687920324451974,0.01,1.8504673719406128,0.047694372529682755,1000,5
ACE2,20,201,58437,0.0687920324451974,0.1,3.3978613376617433,0.0709664811477979,1000,5
ACE2,20,201,58437,0.0687920324451974,1.0,3.9415990352630614,0.079164311889849,1000,5
ACE2,20,201,38591,0.10416936591433236,1e-06,1.1746825695037841,0.07841951235276312,1000,5
ACE2,20,201,38591,0.10416936591433236,1e-05,1.165519380569458,0.07566934080800145,1000,5
ACE2,20,201,38591,0.10416936591433236,0.0001,1.1205914497375489,0.06336854313621777,1000,5
ACE2,20,201,38591,0.10416936591433236,0.001,1.173198938369751,0.043922971881099976,1000,5
ACE2,20,201,38591,0.10416936591433236,0.01,1.8302055597305298,0.038819120188311775,1000,5
ACE2,20,201,38591,0.10416936591433236,0.1,3.4035926342010496,0.057058264438150215,1000,5
ACE2,20,201,38591,0.10416936591433236,1.0,3.9570630550384522,0.07165210731799161,1000,5
ACE2,20,201,25484,0.15774603672892795,1e-06,1.3240601301193238,0.05083851518221662,1000,5
ACE2,20,201,25484,0.15774603672892795,1e-05,1.308128547668457,0.051878638846272127,1000,5
ACE2,20,201,25484,0.15774603672892795,0.0001,1.2351922512054443,0.05439146250859829,1000,5
ACE2,20,201,25484,0.15774603672892795,0.001,1.2523111581802369,0.05919019393370446,1000,5
ACE2,20,201,25484,0.15774603672892795,0.01,1.8830051183700562,0.061716080852234886,1000,5
ACE2,20,201,25484,0.15774603672892795,0.1,3.41513876914978,0.08172522772149252,1000,5
ACE2,20,201,25484,0.15774603672892795,1.0,3.9526055335998533,0.09132696406342823,1000,5
ACE2,20,201,16829,0.238873373343633,1e-06,1.4835585355758667,0.06621229933889762,1000,5
ACE2,20,201,16829,0.238873373343633,1e-05,1.44748854637146,0.06290710084309374,1000,5
ACE2,20,201,16829,0.238873373343633,0.0001,1.3016016483306885,0.05139158049076939,1000,5
ACE2,20,201,16829,0.238873373343633,0.001,1.2615840196609498,0.030303155125570233,1000,5
ACE2,20,201,16829,0.238873373343633,0.01,1.9003889322280885,0.05479342905996964,1000,5
ACE2,20,201,16829,0.238873373343633,0.1,3.450302743911743,0.058152499368064305,1000,5
ACE2,20,201,16829,0.238873373343633,1.0,3.9929627895355226,0.060935669953138275,1000,5
ACE2,20,201,11114,0.36170595645132264,1e-06,1.9455371856689454,0.20053340550280188,1000,5
ACE2,20,201,11114,0.36170595645132264,1e-05,1.8444616794586182,0.1906531979490857,1000,5
ACE2,20,201,11114,0.36170595645132264,0.0001,1.511640238761902,0.1460901974285765,1000,5
ACE2,20,201,11114,0.36170595645132264,0.001,1.3226014614105224,0.07126627110387308,1000,5
ACE2,20,201,11114,0.36170595645132264,0.01,1.8964885234832765,0.020523827449153643,1000,5
ACE2,20,201,11114,0.36170595645132264,0.1,3.388346481323242,0.04373672169111701,1000,5
ACE2,20,201,11114,0.36170595645132264,1.0,3.9174352645874024,0.0466429084981806,1000,5
ACE2,20,201,7339,0.5477585502112005,1e-06,2.5989430427551268,0.16319808120862817,1000,5
ACE2,20,201,7339,0.5477585502112005,1e-05,2.367627477645874,0.10899632102635179,1000,5
ACE2,20,201,7339,0.5477585502112005,0.0001,1.7439653158187867,0.044738481895642696,1000,5
ACE2,20,201,7339,0.5477585502112005,0.001,1.3688238382339477,0.03410144300879536,1000,5
ACE2,20,201,7339,0.5477585502112005,0.01,1.8772856950759889,0.024263465280716254,1000,5
ACE2,20,201,7339,0.5477585502112005,0.1,3.390017557144165,0.02681292175395778,1000,5
ACE2,20,201,7339,0.5477585502112005,1.0,3.9332141399383547,0.041976385021244234,1000,5
ACE2,20,201,4846,0.8295501444490301,1e-06,4.369024419784546,0.6574092818979569,1000,5
ACE2,20,201,4846,0.8295501444490301,1e-05,3.267024517059326,0.369223715617617,1000,5
ACE2,20,201,4846,0.8295501444490301,0.0001,1.9053065538406373,0.12184544234239032,1000,5
ACE2,20,201,4846,0.8295501444490301,0.001,1.4158432006835937,0.053775990241876674,1000,5
ACE2,20,201,4846,0.8295501444490301,0.01,1.9157088279724122,0.028475128340552425,1000,5
ACE2,20,201,4846,0.8295501444490301,0.1,3.3584811210632326,0.03778860206939115,1000,5
ACE2,20,201,4846,0.8295501444490301,1.0,3.8717908382415773,0.057716997031826686,1000,5
ACE2,20,201,3200,1.25625,1e-06,6.690036582946777,0.6625204706286504,1000,5
ACE2,20,201,3200,1.25625,1e-05,3.6593489170074465,0.16024025380704468,1000,5
ACE2,20,201,3200,1.25625,0.0001,2.032765769958496,0.10351351935794838,1000,5
ACE2,20,201,3200,1.25625,0.001,1.480342197418213,0.046042718940103936,1000,5
ACE2,20,201,3200,1.25625,0.01,1.9636188745498657,0.022800554456519757,1000,5
ACE2,20,201,3200,1.25625,0.1,3.3929296016693113,0.035590745954288926,1000,5
ACE2,20,201,3200,1.25625,1.0,3.915341329574585,0.05449828514335893,1000,5
ACE2,20,201,2113,1.902508282063417,1e-06,3.6325049877166746,0.33569589962961316,1000,5
ACE2,20,201,2113,1.902508282063417,1e-05,2.8744677543640136,0.23554263399344386,1000,5
ACE2,20,201,2113,1.902508282063417,0.0001,2.008718228340149,0.1647653164388281,1000,5
ACE2,20,201,2113,1.902508282063417,0.001,1.513271164894104,0.09530388444062295,1000,5
ACE2,20,201,2113,1.902508282063417,0.01,1.9909515619277953,0.06146317988878463,1000,5
ACE2,20,201,2113,1.902508282063417,0.1,3.436092901229858,0.08475766598082482,1000,5
ACE2,20,201,2113,1.902508282063417,1.0,3.962605905532837,0.09537667128202258,1000,5
ACE2,20,201,1395,2.881720430107527,1e-06,2.434259366989136,0.23027271305716435,1000,5
ACE2,20,201,1395,2.881720430107527,1e-05,2.3438688278198243,0.18458498107240176,1000,5
ACE2,20,201,1395,2.881720430107527,0.0001,2.0384296417236327,0.11994071420465427,1000,5
ACE2,20,201,1395,2.881720430107527,0.001,1.6755839109420776,0.09083714540527452,1000,5
ACE2,20,201,1395,2.881720430107527,0.01,2.0823801040649412,0.06774557712966833,1000,5
ACE2,20,201,1395,2.881720430107527,0.1,3.4268556118011473,0.07041956554812735,1000,5
ACE2,20,201,1395,2.881720430107527,1.0,3.945441246032715,0.08665161150267336,1000,5
ACE2,20,201,921,4.364820846905538,1e-06,2.0954674959182737,0.15725852834203222,1000,5
ACE2,20,201,921,4.364820846905538,1e-05,2.080026054382324,0.15489783470863225,1000,5
ACE2,20,201,921,4.364820846905538,0.0001,1.9817459106445312,0.13792922295906634,1000,5
ACE2,20,201,921,4.364820846905538,0.001,1.7989853620529175,0.13079712923066356,1000,5
ACE2,20,201,921,4.364820846905538,0.01,2.2284358024597166,0.12700324599903667,1000,5
ACE2,20,201,921,4.364820846905538,0.1,3.4753104209899903,0.06516310463545365,1000,5
ACE2,20,201,921,4.364820846905538,1.0,3.957633304595947,0.0574999515298482,1000,5
ACE2,20,201,608,6.6118421052631575,1e-06,2.160599946975708,0.08925668149551495,1000,5
ACE2,20,201,608,6.6118421052631575,1e-05,2.1564355373382567,0.0892610275912834,1000,5
ACE2,20,201,608,6.6118421052631575,0.0001,2.12075297832489,0.08888884280282057,1000,5
ACE2,20,201,608,6.6118421052631575,0.001,2.001924753189087,0.07340762128383181,1000,5
ACE2,20,201,608,6.6118421052631575,0.01,2.3251144886016846,0.02814529936053762,1000,5
ACE2,20,201,608,6.6118421052631575,0.1,3.45285701751709,0.039789305917856184,1000,5
ACE2,20,201,608,6.6118421052631575,1.0,3.9412522315979004,0.05276913165828094,1000,5
ACE2,20,201,402,10.0,1e-06,2.413269805908203,0.07464941564799954,1000,5
ACE2,20,201,402,10.0,1e-05,2.410560655593872,0.0743464562163256,1000,5
ACE2,20,201,402,10.0,0.0001,2.3876729011535645,0.0720244415477544,1000,5
ACE2,20,201,402,10.0,0.001,2.317823886871338,0.06465821230708177,1000,5
ACE2,20,201,402,10.0,0.01,2.5575388431549073,0.0406214124604124,1000,5
ACE2,20,201,402,10.0,0.1,3.4974414825439455,0.025975087434415137,1000,5
ACE2,20,201,402,10.0,1.0,3.957139825820923,0.04049844053582451,1000,5
